Test_ID,Predicted_Reference_Parameter,Validity_Label
TST-0278,32.4452,Valid
TST-0006,19.1593,Valid
TST-0047,52.6794,Valid
TST-0311,25.658,Valid
TST-0264,22.3873,Valid
TST-0169,19.4914,Valid
TST-0269,18.3505,Valid
TST-0178,14.9458,Invalid
TST-0206,31.2939,Valid
TST-0038,18.1244,Valid
TST-0213,13.4075,Invalid
TST-0309,16.1004,Valid
TST-0059,32.9902,Valid
TST-0159,18.3597,Valid
TST-0235,19.9976,Valid
TST-0230,21.0259,Valid
TST-0323,36.6721,Valid
TST-0262,18.6918,Valid
TST-0274,14.5181,Valid
TST-0214,47.8687,Invalid
TST-0024,39.3259,Valid
TST-0234,17.7419,Valid
TST-0333,21.4879,Valid
TST-0060,20.235,Valid
TST-0226,36.048,Valid
TST-0197,16.2158,Valid
TST-0346,42.195,Valid
TST-0192,24.4381,Valid
TST-0141,29.8282,Valid
TST-0222,38.0159,Invalid
TST-0232,19.4197,Valid
TST-0085,23.2696,Valid
TST-0237,33.276,Valid
TST-0001,37.6053,Valid
TST-0069,16.566,Valid
TST-0272,22.9566,Invalid
TST-0343,35.0965,Valid
TST-0320,26.6535,Valid
TST-0008,30.9914,Invalid
TST-0144,23.1823,Valid
TST-0184,21.6401,Valid
TST-0107,51.3518,Valid
TST-0026,42.0483,Valid
TST-0164,43.0733,Valid
TST-0217,33.2423,Valid
TST-0332,25.9593,Valid
TST-0279,24.2589,Valid
TST-0243,18.5674,Valid
TST-0163,20.284,Valid
TST-0131,30.4928,Valid
TST-0070,16.2623,Valid
TST-0137,18.4432,Valid
TST-0210,29.9323,Valid
TST-0288,20.7766,Valid
TST-0248,17.84,Valid
TST-0277,22.8949,Valid
TST-0215,22.2919,Valid
TST-0138,16.3675,Valid
TST-0228,17.5558,Valid
TST-0252,49.4805,Valid
TST-0205,30.1748,Valid
TST-0348,22.8057,Valid
TST-0177,22.3045,Valid
TST-0267,38.577,Valid
TST-0308,23.4713,Valid
TST-0087,44.7259,Valid
TST-0117,17.1009,Valid
TST-0014,18.3115,Valid
TST-0154,25.4584,Valid
TST-0207,47.7904,Valid
TST-0187,22.0059,Valid
TST-0236,21.3391,Valid
TST-0283,37.3638,Valid
TST-0089,18.2844,Valid
TST-0202,23.3461,Valid
TST-0160,18.4441,Valid
TST-0036,25.9624,Valid
TST-0275,48.3684,Invalid
TST-0023,33.3398,Valid
TST-0091,43.7666,Valid
TST-0151,43.5217,Valid
TST-0310,21.6023,Valid
TST-0239,15.0404,Valid
TST-0331,32.7469,Valid
TST-0316,13.2097,Invalid
TST-0338,14.1161,Valid
TST-0019,20.1898,Valid
TST-0168,13.7073,Invalid
TST-0007,18.3977,Valid
TST-0211,32.4534,Valid
TST-0016,37.6927,Valid
TST-0027,19.6838,Valid
TST-0031,16.3475,Invalid
TST-0249,28.7537,Valid
TST-0011,16.013,Valid
TST-0080,22.8629,Valid
TST-0121,16.4199,Valid
TST-0266,19.5538,Valid
TST-0198,21.8564,Valid
TST-0067,30.4712,Valid
TST-0102,21.56,Valid
TST-0005,37.0118,Valid
TST-0003,31.4375,Valid
TST-0132,47.1722,Valid
TST-0029,26.4707,Valid
TST-0221,26.3283,Valid
TST-0099,17.8159,Valid
TST-0062,17.3348,Valid
TST-0095,27.5646,Valid
TST-0126,16.9977,Valid
TST-0034,49.6753,Valid
TST-0103,15.9403,Valid
TST-0245,23.2158,Valid
TST-0058,49.4719,Valid
TST-0065,25.8428,Valid
TST-0086,19.74,Valid
TST-0342,20.3347,Valid
TST-0335,17.7502,Valid
TST-0180,18.3376,Invalid
TST-0294,24.1737,Invalid
TST-0072,20.7358,Valid
TST-0315,46.6243,Valid
TST-0182,46.1425,Valid
TST-0200,21.5309,Valid
TST-0030,16.6258,Valid
TST-0193,16.9547,Valid
TST-0231,20.863,Valid
TST-0128,25.8019,Valid
TST-0165,28.2937,Valid
TST-0074,13.5543,Valid
TST-0004,34.386,Valid
TST-0157,22.8607,Valid
TST-0143,27.8171,Valid
TST-0179,41.014,Valid
TST-0075,27.0293,Valid
TST-0233,25.394,Valid
TST-0111,26.0033,Valid
TST-0350,20.9219,Valid
TST-0122,17.0916,Valid
TST-0076,21.5818,Valid
TST-0304,26.3709,Valid
TST-0190,29.5291,Valid
TST-0061,16.8558,Valid
TST-0009,24.8231,Valid
TST-0194,44.3003,Valid
TST-0156,19.475,Valid
TST-0088,32.0092,Valid
TST-0256,46.6913,Valid
TST-0329,16.3786,Valid
TST-0219,42.0544,Valid
TST-0306,13.6582,Valid
TST-0324,23.1286,Valid
TST-0113,21.5252,Valid
TST-0135,16.149,Valid
TST-0339,18.0095,Valid
TST-0260,23.1748,Valid
TST-0195,25.8129,Valid
TST-0286,27.5008,Valid
TST-0015,24.5322,Valid
TST-0263,19.6967,Valid
TST-0147,24.6403,Valid
TST-0002,24.6584,Invalid
TST-0114,46.749,Valid
TST-0271,24.4599,Invalid
TST-0223,22.0868,Valid
TST-0344,16.3483,Valid
TST-0183,30.7535,Valid
TST-0327,34.122,Valid
TST-0250,20.0445,Valid
TST-0185,37.7554,Valid
TST-0242,21.2738,Valid
TST-0158,13.7107,Valid
TST-0078,45.5509,Valid
TST-0120,22.5729,Valid
TST-0093,30.0619,Valid
TST-0051,15.8523,Valid
TST-0010,16.2454,Valid
TST-0013,51.0629,Valid
TST-0049,15.1296,Valid
TST-0041,17.569,Valid
TST-0055,31.8365,Valid
TST-0012,20.5306,Valid
TST-0127,48.5165,Valid
TST-0225,26.5454,Valid
TST-0050,24.6113,Valid
TST-0172,35.184,Valid
TST-0079,32.8307,Valid
TST-0046,22.037,Valid
TST-0325,18.4089,Valid
TST-0280,20.868,Valid
TST-0140,15.258,Valid
TST-0244,46.6243,Invalid
TST-0203,21.302,Valid
TST-0238,18.3345,Valid
TST-0092,29.1323,Valid
TST-0307,13.7808,Valid
TST-0176,30.7472,Valid
TST-0115,17.7727,Valid
TST-0028,13.3972,Invalid
TST-0317,18.7233,Valid
TST-0251,38.7789,Valid
TST-0301,14.9289,Valid
TST-0116,36.8807,Valid
TST-0056,23.3145,Valid
TST-0166,27.1517,Valid
TST-0247,32.917,Valid
TST-0291,27.3036,Valid
TST-0167,29.236,Valid
TST-0313,47.9351,Invalid
TST-0105,13.9652,Valid
TST-0104,20.6577,Valid
TST-0045,34.3927,Valid
TST-0289,45.0918,Valid
TST-0048,27.8206,Valid
TST-0110,18.5951,Valid
TST-0037,41.041,Valid
TST-0305,18.5179,Valid
TST-0240,32.657,Valid
TST-0155,33.0624,Valid
TST-0119,51.8416,Valid
TST-0295,23.4953,Valid
TST-0229,18.4852,Valid
TST-0106,21.0805,Valid
TST-0052,15.6663,Valid
TST-0276,21.6209,Valid
TST-0216,22.3356,Valid
TST-0208,20.2396,Valid
TST-0188,22.123,Valid
TST-0145,49.5084,Valid
TST-0039,21.6336,Valid
TST-0173,18.8909,Valid
TST-0082,20.2936,Valid
TST-0296,36.852,Valid
TST-0297,37.1888,Valid
TST-0125,17.5364,Valid
TST-0199,21.2368,Valid
TST-0330,21.6587,Valid
TST-0133,36.732,Valid
TST-0175,32.2413,Valid
TST-0270,45.3856,Valid
TST-0255,17.1873,Valid
TST-0025,13.3609,Valid
TST-0073,14.0395,Valid
TST-0077,20.7123,Valid
TST-0293,14.9146,Valid
TST-0212,32.2082,Invalid
TST-0081,14.4194,Valid
TST-0328,19.3722,Valid
TST-0290,48.6679,Valid
TST-0337,16.7317,Valid
TST-0171,23.0602,Valid
TST-0057,29.9234,Valid
TST-0284,19.3043,Valid
TST-0063,21.1629,Valid
TST-0022,22.4034,Valid
TST-0044,17.5292,Valid
TST-0035,24.4142,Valid
TST-0258,44.3317,Invalid
TST-0334,26.645,Valid
TST-0018,27.0151,Valid
TST-0321,21.5519,Valid
TST-0282,14.8779,Valid
TST-0142,45.2001,Invalid
TST-0312,23.3251,Valid
TST-0101,21.4647,Invalid
TST-0134,22.2973,Invalid
TST-0287,33.4737,Valid
TST-0153,33.3521,Valid
TST-0299,28.9844,Valid
TST-0204,22.8629,Invalid
TST-0090,19.5503,Valid
TST-0186,32.898,Valid
TST-0209,48.9938,Valid
TST-0130,21.4686,Valid
TST-0224,22.7066,Valid
TST-0302,26.5747,Valid
TST-0118,15.5041,Valid
TST-0292,20.3554,Valid
TST-0345,22.8949,Invalid
TST-0108,20.1297,Valid
TST-0071,15.5115,Valid
TST-0053,15.8323,Valid
TST-0273,17.0728,Valid
TST-0300,15.1962,Valid
TST-0148,18.9462,Valid
TST-0347,39.5662,Valid
TST-0146,28.2937,Invalid
TST-0241,18.2063,Valid
TST-0096,16.6394,Invalid
TST-0220,23.1753,Valid
TST-0174,22.091,Valid
TST-0246,14.9066,Valid
TST-0136,18.623,Valid
TST-0109,21.6412,Valid
TST-0040,37.3083,Valid
TST-0043,20.9171,Invalid
TST-0181,36.9501,Valid
TST-0268,17.2854,Valid
TST-0253,16.2357,Valid
TST-0017,25.0201,Valid
TST-0201,23.0052,Valid
TST-0129,16.7813,Valid
TST-0068,47.1636,Valid
TST-0161,14.743,Valid
TST-0298,20.7285,Invalid
TST-0094,43.947,Valid
TST-0336,28.1145,Invalid
TST-0149,21.1298,Valid
TST-0191,48.2777,Valid
TST-0032,18.3071,Invalid
TST-0054,16.4337,Valid
TST-0349,52.6371,Valid
TST-0100,18.1055,Valid
TST-0162,19.2208,Valid
TST-0326,22.784,Valid
TST-0340,19.5406,Valid
TST-0319,28.819,Valid
TST-0064,18.9083,Valid
TST-0259,28.5304,Valid
TST-0066,44.3691,Valid
TST-0123,47.9649,Valid
TST-0218,20.7113,Valid
TST-0261,24.0514,Valid
TST-0196,21.2524,Valid
TST-0281,26.6469,Invalid
TST-0303,37.1999,Valid
TST-0254,23.0684,Valid
TST-0322,18.4411,Valid
TST-0139,16.947,Valid
TST-0257,37.3511,Valid
TST-0033,16.8119,Valid
TST-0112,49.002,Valid
TST-0021,23.2658,Valid
TST-0083,18.436,Valid
TST-0150,23.762,Valid
TST-0265,23.4506,Valid
TST-0227,35.1357,Valid
TST-0170,25.0997,Valid
TST-0318,26.0586,Valid
TST-0097,16.2967,Valid
TST-0152,34.423,Valid
TST-0084,55.3988,Valid
TST-0124,17.1562,Valid
TST-0098,33.4456,Valid
TST-0341,29.9493,Valid
TST-0042,30.6532,Valid
TST-0189,19.6444,Valid
TST-0285,22.9961,Valid
TST-0020,22.0304,Valid
TST-0314,43.566,Valid
